"EcoSite","Park","Plot","EventYear","ppt_monsoon","ppt_spring","ppt_earlysummer","ppt_winter","vpd_monsoon","vpd_spring","vpd_earlysummer","vpd_winter"
"PEFO_S","PEFO","S23",2007,129.730654703194,15.2130111626008,21.2359606743925,41.6255618119764,110.519745465092,42.1240667837618,76.9862479920555,46.4364055304513
"PEFO_S","PEFO","S06",2007,156.565561046384,14.0821147724917,16.3296016009803,36.5634508980067,111.113646335248,41.3574781650255,76.4579362944377,43.3197798914644
"PEFO_S","PEFO","S18",2007,152.483548035418,14.0461116837,16.7173635829868,36.9912339566191,112.673265742648,41.7935450441186,77.4520273520937,43.5286469074483
"PEFO_S","PEFO","S25",2007,131.178130253642,14.6600864992539,20.5702027866454,40.1816985421495,114.893984675026,43.6517289842139,80.4003758611812,46.2602304876444
"PEFO_S","PEFO","S26",2007,132.230437008893,15.2484301770495,21.9610605674093,41.1984922540253,112.598856928091,43.6476439671249,79.1757603996391,48.0072246497004
"PEFO_S","PEFO","S27",2007,132.302980597963,15.4001309290023,22.233476369705,41.8752516607337,110.313804009513,42.5926848582198,77.2661559529905,47.5503593153752
"PEFO_S","PEFO","S20",2007,131.364129668129,14.6079992381671,20.3306702434809,39.9964091515211,115.001732443136,43.6400448837275,80.3822368900388,46.1445435924636
"PEFO_S","PEFO","S22",2007,132.747079473399,15.4079657138377,22.3192408208881,41.4560467720591,111.637827311248,43.4038247973794,78.5693273756553,48.1674266570963
"PEFO_S","PEFO","S10",2007,150.881609726384,14.0647984769418,16.8651069123508,37.1593420269734,113.094222045064,41.9213882240504,77.730942484096,43.5996329196703
"PEFO_S","PEFO","S07",2007,131.798297574316,14.9187081693245,21.1238488829659,40.5728108409835,113.678339136443,43.5866055854726,79.6892197001261,47.031406278316
"PEFO_S","PEFO","S05",2007,132.538591472177,15.4431346194986,22.3619848163285,41.814702408813,110.46889700016,42.7642494567859,77.4939011235232,47.7385382380082
"PEFO_S","PEFO","S04",2007,122.82474346894,15.0351452670079,18.8586144917311,41.1973325512596,109.847045259002,41.043914940977,75.9971217941487,44.3437837475089
"PEFO_S","PEFO","S03",2007,132.441424605756,15.3379655592766,22.1567763402995,41.3352879702198,112.178629731254,43.5242193340351,78.9187525841692,48.0361958916009
"PEFO_S","PEFO","S02",2007,132.615269878198,15.4290841344034,22.3666057773797,41.8750534875582,110.355718259041,42.709174481313,77.3912147797822,47.7388548234716
"PEFO_S","PEFO","S13",2007,132.705549024305,15.438446003889,22.4051860596728,41.8762619828355,110.361001556826,42.7410972736588,77.4216846870461,47.7941711578919
"PEFO_S","PEFO","S12",2007,130.829476165779,15.1752807523728,21.6104030045485,41.7463093789106,110.720621263102,42.4209436617304,77.3560371308719,46.9242120168337
"PEFO_S","PEFO","S14",2007,133.060282368885,15.5215158825004,22.5635466418566,41.6411419217779,110.863820664536,43.1931135660443,78.0383088849432,48.2457267189477
"PEFO_S","PEFO","S15",2007,123.336061189628,15.0989339915025,19.2454011153595,41.1859686352324,109.654047264182,40.9587115850955,75.8078599788763,44.1965405597231
"PEFO_S","PEFO","S16",2007,123.221259275505,15.131300644117,19.2458532517699,41.1656383511773,109.612258637459,40.9090176313797,75.7460359057766,44.0769208162377
"PEFO_S","PEFO","S17",2007,124.646465636053,15.0364432715553,19.5153039381171,41.2658650920653,109.997149585756,41.2537548782492,76.1911940695393,44.7759770807506
"PEFO_S","PEFO","S11",2007,133.005805654452,15.5411830050049,22.6005593965155,41.6981200374076,110.702227929181,43.099866054669,77.8858923166798,48.1499225041709
"PEFO_S","PEFO","S08",2007,165.36580335683,13.7451401228523,15.6942823056862,35.6001767817199,112.24177255013,41.5614209790204,76.9837284658928,42.9969907504016
"PEFO_S","PEFO","S09",2007,133.080720702311,15.4940522524412,22.5224190575952,41.6188137250177,110.968734183985,43.2312853402532,78.1218222615768,48.2749201216488
"PEFO_S","PEFO","S01",2007,132.113321718984,15.4199523114767,22.2126209059976,41.7337832250269,110.61387013519,42.7180895314685,77.5274434734797,47.5284430137659
"PEFO_S","PEFO","S21",2007,166.142450062753,13.7117803424298,15.6634555523472,35.5301342042491,112.415899544435,41.6028176384173,77.0768148512593,42.993660151504
"PEFO_S","PEFO","S19",2007,157.193816364537,14.066128622636,16.2741428312479,36.4945416708036,111.045619575421,41.3322969066458,76.4074409310574,43.2814299205927
"PEFO_S","PEFO","S29",2007,153.704117607962,14.0886970404573,16.5959512186964,36.8661458243615,111.980052166169,41.6091204366588,77.0206182108834,43.4674924058218
"PEFO_S","PEFO","S24",2007,148.756599973943,14.0569370278897,17.0694137917673,37.4024122791149,113.837878266378,42.1428805593029,78.2261771950579,43.6982308298557
"PEFO_S","PEFO","S28",2007,122.566689623429,15.17411759927,19.106794127004,41.1069651828259,109.469476064263,40.7479833639589,75.5590485934638,43.7330752133406
"PEFO_S","PEFO","S30",2007,160.292212099924,13.9391094596851,16.0128713445947,36.1516629841046,111.173113097155,41.3181955293305,76.4354296708079,43.0775003160145
"PEFO_S","PEFO","S23",2008,86.1424871653129,0.000598328882144812,16.0275496157603,106.654313599783,105.619385031085,39.3252651563224,71.3007684625692,39.3500727199701
"PEFO_S","PEFO","S06",2008,101.793073215173,1.23706748943199,18.2830879100511,87.9744798474844,106.55723069781,40.332759509791,71.6631420652196,40.9711453450496
"PEFO_S","PEFO","S18",2008,99.5622840656728,1.13717864417803,18.0763788614159,88.9742538509685,108.361232112568,40.7073607429171,72.5264536442008,41.2751904744744
"PEFO_S","PEFO","S25",2008,85.618636628076,0.0609630625662461,16.2839921507384,99.9376142040436,110.774758283143,41.2892556707194,74.3475627981054,41.3543013497715
"PEFO_S","PEFO","S26",2008,85.8082155476625,0,16.7619139883639,103.678479898723,107.77304402861,40.5543537975327,72.9905152857688,40.9203327418204
"PEFO_S","PEFO","S27",2008,86.5833562277206,0,16.6933502394183,106.956974566161,105.132157728927,39.4704624755346,71.3122681847002,39.7025986420969
"PEFO_S","PEFO","S20",2008,85.661769199125,0.117301381471031,16.2983149998361,98.9250994274421,110.943893123301,41.3563406613759,74.3810994894912,41.4100383472588
"PEFO_S","PEFO","S22",2008,86.3007591396941,0,16.9474542441183,104.9615587523,106.550329853327,40.1877443184262,72.3314895408121,40.5990373039195
"PEFO_S","PEFO","S10",2008,98.8031817073522,1.09700505164755,18.0171051328241,89.5599227784685,108.847942390327,40.8010152071553,72.7515366104942,41.3630853529068
"PEFO_S","PEFO","S07",2008,85.7347780640557,0.0548663908909952,16.5174928853315,101.334220632794,109.215789631327,40.9143065492518,73.5888635055804,41.1118512281898
"PEFO_S","PEFO","S05",2008,86.6395413866861,0,16.8071566394794,106.710922152678,105.249813119453,39.5888511986694,71.4460266485279,39.8804678174086
"PEFO_S","PEFO","S04",2008,82.9493635213037,0.178661427905247,15.0651946516193,106.643260837567,105.10355804329,38.7267967517796,70.6948927422572,38.7425440729612
"PEFO_S","PEFO","S03",2008,86.1876271261697,0,16.8653863922595,104.410972039773,107.227753420289,40.3724010638194,72.7045166112312,40.7582320065014
"PEFO_S","PEFO","S02",2008,86.6011720197566,0,16.8032099289818,106.894818825083,105.124004113697,39.5329649636846,71.3691142618115,39.8141278763776
"PEFO_S","PEFO","S13",2008,86.6054367545202,0,16.8353522117694,106.875758374876,105.114425442963,39.5490295903796,71.3798639006939,39.8436938258461
"PEFO_S","PEFO","S12",2008,86.176802069198,0.000278030355713791,16.3414258926308,106.902994770154,105.679653557718,39.4917331263013,71.5191891368721,39.6104146297939
"PEFO_S","PEFO","S14",2008,86.5773867702148,0,17.0498921107761,105.827030977351,105.592936049742,39.9013271724156,71.7776524816224,40.3262240136674
"PEFO_S","PEFO","S15",2008,83.3161574513505,0.198283835797461,15.1495895069047,106.484474668029,104.958016767862,38.6444616508841,70.5565826645193,38.68876229015
"PEFO_S","PEFO","S16",2008,83.2919025154588,0.213857978257633,15.1562143157406,106.424364488336,104.939900013164,38.6191057313745,70.5151401046652,38.6640860282688
"PEFO_S","PEFO","S17",2008,83.8286940810845,0.110414962515957,15.2178708694135,106.541918853937,105.236447873356,38.8404377821541,70.8320785759259,38.8596090647518
"PEFO_S","PEFO","S11",2008,86.6954786635441,0,17.0412421416014,106.099377706963,105.411755252478,39.8145871946466,71.6447445690095,40.2153387462232
"PEFO_S","PEFO","S08",2008,104.825351169911,1.41201960801094,18.5884022561522,83.5131027851688,107.817385498755,40.8819652407408,72.3868256607624,41.4405574399492
"PEFO_S","PEFO","S09",2008,86.4881222964592,0,17.0424485081358,105.722571689207,105.717088304506,39.9442933166841,71.8621409954426,40.3744804531869
"PEFO_S","PEFO","S01",2008,86.6726497398012,0,16.6903532605687,106.572604780059,105.466657165905,39.6038323286187,71.5228804716009,39.86062111165
"PEFO_S","PEFO","S21",2008,105.01513610333,1.42419868313592,18.6070982951656,83.1392012061887,108.012238632445,40.9467442451893,72.4864384653127,41.5054898547061
"PEFO_S","PEFO","S19",2008,102.091076409504,1.25136339502148,18.3110780306172,87.7117931186204,106.477602072774,40.3313855441338,71.6366572090618,40.9628081885505
"PEFO_S","PEFO","S29",2008,100.314516094145,1.16763216497118,18.1500079562197,88.8467185903464,107.560156704319,40.5246535060943,72.1297231314624,41.1379065828372
"PEFO_S","PEFO","S24",2008,97.5739911930735,1.0445685476076,17.9198528012705,90.1008009421858,109.712678450785,40.9914025052473,73.1802461409034,41.5020067794934
"PEFO_S","PEFO","S28",2008,83.0325429377842,0.256483270476407,15.1139052036973,106.335701592535,104.843779678666,38.5265404285845,70.3890428985839,38.5792773026015
"PEFO_S","PEFO","S30",2008,103.425439802146,1.31620549241276,18.4422305552095,86.1792361781818,106.613992325608,40.4688147285808,71.782366624722,41.0314713291636
"PEFO_S","PEFO","S23",2009,24.4487201847979,10.5450066661953,27.060319118412,60.6698579642051,121.216998874169,37.1949185528417,64.0198498905166,44.1232521623235
"PEFO_S","PEFO","S06",2009,20.6700043516803,14.630207025694,25.5736075530123,54.5813770497328,117.071420845068,38.4015458768855,65.3332771580158,44.8349742261353
"PEFO_S","PEFO","S18",2009,20.1440555910384,14.0763157359215,25.7290532008697,54.4936825062512,119.087616893884,38.7551322869071,66.1263633093527,45.1106838038201
"PEFO_S","PEFO","S25",2009,18.1359281603767,10.7904632430151,26.3774094258801,56.7739840343931,125.786551780778,38.9605029825763,67.0493464389731,45.4552276196954
"PEFO_S","PEFO","S26",2009,21.3666015602721,10.7026736812619,27.1129457695587,59.2696652247182,124.136459448222,38.1335410549083,65.500210257385,45.4845121969171
"PEFO_S","PEFO","S27",2009,23.8038235259875,10.7216366611842,27.2306489924463,61.3834554480547,121.477823406437,37.1658615778869,63.894130354785,44.415113382171
"PEFO_S","PEFO","S20",2009,18.018570680303,10.8756588208703,26.3076782344269,56.1555004126172,125.713641427873,39.0379235108929,67.1342374839539,45.4997117900669
"PEFO_S","PEFO","S22",2009,21.9945999150252,10.7474227873919,27.367727608943,60.242712619567,123.268589688428,37.7411955965606,64.8392125798339,45.2147414486257
"PEFO_S","PEFO","S10",2009,19.9866364500709,13.8624853028323,25.8100833182007,54.5962008710118,119.6675635214,38.845996573105,66.3259493418873,45.1956053967131
"PEFO_S","PEFO","S07",2009,19.3525976422717,10.7855664662458,26.6833664545778,57.7490882674518,124.765395968276,38.5406543648883,66.246220696287,45.4306201286397
"PEFO_S","PEFO","S05",2009,23.7116284157005,10.7434321792908,27.3393800264123,61.2902091402801,121.808389349833,37.2351881676264,63.9950144541924,44.5621371915915
"PEFO_S","PEFO","S04",2009,25.8891507136309,9.77517646071281,26.7647213922836,57.4452901127636,119.513908826202,36.9333843391133,63.5898444918693,43.3284041381225
"PEFO_S","PEFO","S03",2009,21.9373488801431,10.7254627816552,27.2861938509672,59.8019562721386,123.803469869323,37.9448057027546,65.1998977334643,45.3271741144912
"PEFO_S","PEFO","S02",2009,23.6982508953773,10.7401655787376,27.2830313805013,61.3967905679156,121.629084736209,37.1911891574705,63.9249223938822,44.5050231004032
"PEFO_S","PEFO","S13",2009,23.6693085080116,10.7455911698216,27.3008596026107,61.4011784534487,121.665513263384,37.1959965012742,63.9288638431652,44.5302635218672
"PEFO_S","PEFO","S12",2009,23.8415209161542,10.5685083078627,27.0103766941716,60.9830159350702,121.611449891928,37.2763560669315,64.1649606230359,44.3025596338897
"PEFO_S","PEFO","S14",2009,22.7234726892925,10.7812680374624,27.5468837072354,60.8960830132743,122.539054911984,37.4311455976275,64.2872766868041,44.9908282822088
"PEFO_S","PEFO","S15",2009,25.9507423447011,9.93325936049244,26.7853123749448,57.9806626199878,119.327304022692,36.8819056561653,63.4206019067712,43.2216705816504
"PEFO_S","PEFO","S16",2009,25.9898058722051,9.9296602340588,26.8053741355062,57.9082685311229,119.286551399299,36.8676625384505,63.3765694511732,43.1749874866894
"PEFO_S","PEFO","S17",2009,25.673109641627,10.056259363002,26.7491206693984,58.6220464240487,119.825323571099,36.9991373063907,63.6983414747644,43.4931480448504
"PEFO_S","PEFO","S11",2009,23.3540752780363,10.7852244780133,27.5992939540955,61.0547799113432,122.381131257186,37.3504125206624,64.1460621287708,44.8763065159642
"PEFO_S","PEFO","S08",2009,21.2039702820019,15.9126674902479,25.0009691370512,51.9943179216086,117.620229113972,38.884181534201,66.1907369395831,45.1760589211233
"PEFO_S","PEFO","S09",2009,22.2921612251337,10.7724869845956,27.4863669660032,60.8233134284317,122.612023771921,37.4776947265422,64.3785807236582,45.0382871970475
"PEFO_S","PEFO","S01",2009,23.8273623314445,10.7267270588546,27.325935441472,61.1470543778246,121.916831461502,37.2806255174051,64.0857849365395,44.5384294307745
"PEFO_S","PEFO","S21",2009,21.2742915440377,16.0164650861001,24.9552570391592,51.7627521306507,117.769762193487,38.9450667403599,66.3038347021761,45.2256343198725
"PEFO_S","PEFO","S19",2009,20.7042835316322,14.720432055531,25.5345031260799,54.4839339234861,116.947989236209,38.3963714783755,65.3158760469596,44.8255087836119
"PEFO_S","PEFO","S29",2009,20.3617697612336,14.2388634107826,25.7038123862338,54.6714942903887,118.236860313215,38.5870787879216,65.7529618799992,44.9899013394718
"PEFO_S","PEFO","S24",2009,19.682780221252,13.5866853731988,25.8795737846836,54.5260840361122,120.655378540333,39.0208311727811,66.7129775573579,45.3289155939499
"PEFO_S","PEFO","S28",2009,26.147000244867,9.87456293159701,26.8191894327333,57.584732465944,119.07192453859,36.8182641324959,63.2533646112118,43.0331385730934
"PEFO_S","PEFO","S30",2009,20.7695068725094,15.176332638344,25.3089609888029,53.6947793046268,116.825957181057,38.4975609630235,65.5050909036813,44.8690610130734
"PEFO_S","PEFO","S23",2010,165.254669537936,18.0181040631384,5.83488279971032,81.0686534851811,105.252030831317,34.0296549010129,70.8816036754877,33.2566986111094
"PEFO_S","PEFO","S06",2010,196.804928841139,16.8205384079147,4.93417223170465,81.1719309425577,103.746718895274,34.2694075023307,70.7785490914767,34.0579984565734
"PEFO_S","PEFO","S18",2010,193.209231554766,16.4060649590965,4.89040293580015,80.2886364775115,105.317094974975,34.6670761261657,71.5781933495909,34.3570098342649
"PEFO_S","PEFO","S25",2010,167.852992178829,16.8268924603894,5.70020717572511,73.2577156578343,109.355469632763,35.6460448450915,73.6990656148967,34.9240875234601
"PEFO_S","PEFO","S26",2010,166.417419468252,17.9268554992047,6.04247236729039,75.3480227899062,107.284391278725,34.958075876476,72.5818756991515,34.30628447059
"PEFO_S","PEFO","S27",2010,166.164106205969,18.2906039443475,6.14194096901496,79.4698131254047,104.967951787801,34.0240025183232,70.9140053390525,33.2696006028205
"PEFO_S","PEFO","S20",2010,168.703589767049,16.6595897727104,5.60000607101823,73.0804908113287,109.423203987446,35.6758818223475,73.7323338541486,34.9573213563044
"PEFO_S","PEFO","S22",2010,166.433856363636,18.2611650854102,6.16468905943885,76.4086615707794,106.291327960608,34.5808649358816,71.9557841280548,33.8990610529673
"PEFO_S","PEFO","S10",2010,191.796434129189,16.2966715371476,4.87357114319229,80.1638550609038,105.754354755139,34.7861178272735,71.8034335870855,34.4580726764043
"PEFO_S","PEFO","S07",2010,167.581030781279,17.303667564375,5.83257973253456,74.082043789159,108.188143104103,35.251907701737,73.0557316373337,34.5324484258274
"PEFO_S","PEFO","S05",2010,166.19517022524,18.3599579154575,6.18227550238714,79.0700290379525,105.145026746613,34.1006117132101,71.0653290392102,33.3687689271353
"PEFO_S","PEFO","S04",2010,165.03003786408,17.9291570624753,5.09623174354367,83.4468283260569,104.84734255794,33.71029835026,70.3333067792849,32.9915521292767
"PEFO_S","PEFO","S03",2010,166.348596856592,18.0960196028975,6.10498259160176,76.1726568438375,106.8892343029,34.7922975711842,72.3059937767638,34.1413793203188
"PEFO_S","PEFO","S02",2010,166.256685924238,18.3294540432798,6.18427250018722,79.0831252607044,105.005782086722,34.0531595731211,70.9809064239481,33.3112657587075
"PEFO_S","PEFO","S13",2010,166.283476434418,18.3431496047583,6.19686603104059,78.9680097669509,105.009014823464,34.0585796754168,70.9955326598737,33.3199315928372
"PEFO_S","PEFO","S12",2010,165.560718611488,17.8166816417182,5.9469483361981,79.5968083001797,105.383301513931,34.1222972559343,71.0974514832435,33.347367365607
"PEFO_S","PEFO","S14",2010,166.40263740299,18.5063937743472,6.25203023032257,77.3323403907986,105.506247483432,34.2796358165009,71.4416109019573,33.574740539172
"PEFO_S","PEFO","S15",2010,164.854067533638,18.0998271544599,5.14287696398937,83.9753061291993,104.797592786367,33.659884898138,70.1902414516878,32.916247783235
"PEFO_S","PEFO","S16",2010,164.918663475002,18.1863719587703,5.12935003511193,84.1797681934888,104.808198292127,33.6485046788852,70.1519882617922,32.9011569619074
"PEFO_S","PEFO","S17",2010,164.614213288848,17.8916601867999,5.27596928613153,82.975879476885,104.939900222152,33.7792185614028,70.4369984544107,33.0476475096132
"PEFO_S","PEFO","S11",2010,166.287036479108,18.5369515574277,6.26397180562564,77.9939944555653,105.389965903489,34.2147626092956,71.3162340161377,33.5175644939631
"PEFO_S","PEFO","S08",2010,203.170894385907,16.7796792519052,5.31206935223005,80.0180377571676,104.711107331433,34.7273953496253,71.4003758304211,34.432827807325
"PEFO_S","PEFO","S09",2010,166.486759509674,18.4583971678674,6.23832786388067,76.9395596998894,105.573137249879,34.3154296043876,71.5126745093698,33.6010555612151
"PEFO_S","PEFO","S01",2010,166.023642863048,18.3328040030198,6.13139576782737,79.4989111850819,105.332180332042,34.1501578581463,71.1318853672226,33.4197297218121
"PEFO_S","PEFO","S21",2010,203.684526798949,16.7554484713804,5.36260867555199,79.8024858138911,104.905728989981,34.8041616647537,71.5093041215383,34.4982524489786
"PEFO_S","PEFO","S19",2010,197.28292767778,16.8497004965914,4.9406108697478,81.2052544427032,103.663698572488,34.2526593476525,70.7431028754768,34.0415995348057
"PEFO_S","PEFO","S29",2010,194.350925546792,16.5813656471744,4.90388868912936,80.729634026838,104.637203230514,34.4942980950235,71.2268996080778,34.2349368689708
"PEFO_S","PEFO","S24",2010,189.871320786453,16.096572855936,4.85380858615346,79.6576138611747,106.527667746857,34.9939302665564,72.2049259293142,34.6143507518161
"PEFO_S","PEFO","S28",2010,165.019482106975,18.3256259451706,5.05808006903675,84.6997882938018,104.780310031011,33.5995940180135,70.036695845351,32.8477498198663
"PEFO_S","PEFO","S30",2010,199.375936029509,16.9058153922836,4.99048641875091,81.1595017625342,103.651672941915,34.2847259803221,70.7901000071935,34.0415121600095
"PEFO_S","PEFO","S23",2011,88.3192037836062,12.0880009443101,7.26011424616277,47.7689520676392,109.990543829753,40.1255236976867,71.7537048022444,39.6363456944537
"PEFO_S","PEFO","S06",2011,111.034554225044,13.0392619038269,11.0185793184066,63.5346646901593,108.995140098342,40.7608311146498,71.1719798043844,39.7256534067242
"PEFO_S","PEFO","S18",2011,108.166189003106,12.6963860751092,10.4694680780754,60.8768501228082,110.355790259998,41.0763745409384,71.8890521425888,39.9336354941874
"PEFO_S","PEFO","S25",2011,89.3797774756886,11.5543659599007,7.55330988133438,48.4815247306729,114.340797320562,41.9323057252053,74.404557685107,40.817226331869
"PEFO_S","PEFO","S26",2011,88.0113532979162,11.8626810821275,7.47565530278008,47.8841618448723,112.667974969304,41.3084889511378,73.5338256320444,40.705427304678
"PEFO_S","PEFO","S27",2011,88.1975525119111,12.0839354814233,7.72067437979566,48.0951298826946,110.205765686294,40.298372162664,71.9005979857317,39.8672262853676
"PEFO_S","PEFO","S20",2011,89.7854947348701,11.5423432909826,7.62464109960713,48.7203029732192,114.379020461143,41.9700214508227,74.391887986987,40.8044220223912
"PEFO_S","PEFO","S22",2011,87.9832195701732,11.9904111243124,7.69002964798317,48.1552732315094,111.835772839829,40.9678449612571,72.9691954657085,40.526899090561
"PEFO_S","PEFO","S10",2011,107.059548146611,12.5550159628822,10.2826461664055,59.9248420030418,110.735548118739,41.1692410395799,72.0885492904426,40.0123932512762
"PEFO_S","PEFO","S07",2011,88.9689258453336,11.7154393988931,7.59515784915932,48.4175572517398,113.399889058077,41.5846758840836,73.8636090194902,40.7091684568992
"PEFO_S","PEFO","S05",2011,88.08667979279,12.0889168189697,7.78162758075238,48.1633378648435,110.490854105179,40.4161514300136,72.0630868684011,40.0033252033016
"PEFO_S","PEFO","S04",2011,90.6586471003588,12.1832033961801,6.9712557586028,47.8594223808188,109.033245213645,39.6138870262069,70.9984312026465,39.1901794641389
"PEFO_S","PEFO","S03",2011,87.9474410307139,11.9176399997923,7.58246576180958,47.9603282540585,112.304338964473,41.1481129380174,73.2883926391358,40.6183552073079
"PEFO_S","PEFO","S02",2011,88.1579314780534,12.0782296175387,7.79436409346488,48.1655408584686,110.343070539592,40.3640699608676,71.9817507530116,39.9468744071849
"PEFO_S","PEFO","S13",2011,88.1471783130172,12.0778336126025,7.8160146380045,48.1874751553762,110.376900855051,40.381109426206,72.0008621338255,39.9691485404554
"PEFO_S","PEFO","S12",2011,88.3583252658466,11.9452617240207,7.44992650947299,47.9594031346695,110.360773181494,40.2971624021324,72.0095241059713,39.7852474415014
"PEFO_S","PEFO","S14",2011,87.9452049741453,12.0997278980588,7.8580882383572,48.3626011070244,111.166249789031,40.7046652422118,72.4823373118643,40.3640789291793
"PEFO_S","PEFO","S15",2011,90.2288681333601,12.2746196250887,6.98157671191893,47.9365620691118,108.943016962102,39.5593044424983,70.8643869634606,39.1678470345498
"PEFO_S","PEFO","S16",2011,90.269543703762,12.310435972736,6.99308931772375,47.9700891936434,108.928743450779,39.5407348490056,70.8285115853322,39.1555740866556
"PEFO_S","PEFO","S17",2011,89.6319617454389,12.1610367601319,6.97214161225731,47.8121425562413,109.19414065752,39.7071096776046,71.1323470630217,39.271882349477
"PEFO_S","PEFO","S11",2011,87.8938291588418,12.1179053713186,7.89300736961002,48.3391177887625,111.0017971365,40.6349521629938,72.3461995220321,40.2854456689154
"PEFO_S","PEFO","S08",2011,116.67470275141,13.5478115563936,12.1105275303661,68.2138485990724,109.957035235119,41.2836682862202,71.6897056704024,39.8474432323528
"PEFO_S","PEFO","S09",2011,88.0028050161482,12.0767626817465,7.82513021731298,48.3739569075987,111.246297733609,40.7347585291639,72.5578516856076,40.3919771899538
"PEFO_S","PEFO","S01",2011,88.0402482306021,12.0968634902307,7.68457021957032,48.0716237611762,110.565342152068,40.4228250241526,72.1076138454481,39.9898780540916
"PEFO_S","PEFO","S21",2011,117.079377147013,13.556445969312,12.2417192346668,68.5830875287067,110.131067574265,41.3664041532198,71.7807137662425,39.8815734072935
"PEFO_S","PEFO","S19",2011,111.475704104878,13.1015855492727,11.0850930498666,63.8934655778471,108.929902952405,40.7527047157084,71.141459571151,39.7075479389158
"PEFO_S","PEFO","S29",2011,109.03146721225,12.7877745465784,10.6607383263399,61.7514041050205,109.761077049114,40.934064613715,71.5719485514201,39.8579537248906
"PEFO_S","PEFO","S24",2011,105.57257538823,12.3798808465076,10.0118855553385,58.6277333405247,111.408636153065,41.3394357901999,72.4541826104079,40.1276153777009
"PEFO_S","PEFO","S28",2011,90.5096834065576,12.3785525205241,6.99866711978828,48.0441182927995,108.82728769419,39.4697487983744,70.7033628809561,39.103455472226
"PEFO_S","PEFO","S30",2011,113.674070277773,13.4279607652123,11.3551251636713,65.5373954082268,108.97841029636,40.8114568408916,71.1923502248164,39.6572900132602
"PEFO_S","PEFO","S23",2012,118.07982270379,4.81278081986448,3.69775502912147,61.4690812000162,104.360732717529,43.1897902800318,82.2181805035801,37.1249503669221
"PEFO_S","PEFO","S06",2012,120.160462325552,12.6991317557391,1.96554819687695,60.9957519307948,103.184526045862,43.6091316363436,82.5427572209305,37.4613878978514
"PEFO_S","PEFO","S18",2012,118.653823423772,11.5971344661639,2.10533731091288,60.0865908231157,104.679650777489,44.0469087402841,83.4314485904798,37.7390167450612
"PEFO_S","PEFO","S25",2012,116.804176790645,5.21388644683374,3.54011567680471,57.8921509052999,108.367954994729,45.3753584862942,85.5268637387032,38.6576236090964
"PEFO_S","PEFO","S26",2012,122.695088908005,4.94265728656446,3.84904041898395,59.7974931740822,106.604054868277,44.7463193448384,84.129242706275,38.2850733767951
"PEFO_S","PEFO","S27",2012,123.384651522365,4.87324018511829,3.87656105029464,61.4403070640043,104.539194006717,43.4299816739964,82.2552966356792,37.2873221205527
"PEFO_S","PEFO","S20",2012,115.864237905008,5.45703539197761,3.46912305192025,57.56693435239,108.362344213341,45.4368928800737,85.5739377614961,38.6639139561928
"PEFO_S","PEFO","S22",2012,124.240684009909,4.938225177499,3.91199503696713,60.4341669803745,105.836412731297,44.3156955177482,83.4338612850233,38.0264742396989
"PEFO_S","PEFO","S10",2012,117.921012663668,11.1896813067186,2.1640958464024,59.8080870773896,105.104949316186,44.1702261251146,83.6725323457953,37.8394627033277
"PEFO_S","PEFO","S07",2012,119.074432471995,5.17744432912381,3.65393258371483,58.6638591552697,107.372943536989,45.0244167157933,84.7581924265227,38.4092491464302
"PEFO_S","PEFO","S05",2012,124.07180515766,4.91597001140836,3.90890962178954,61.2891701907332,104.762348482434,43.5844356451482,82.4201590029796,37.4450235823013
"PEFO_S","PEFO","S04",2012,102.787477760026,5.06825190423014,3.14794166647438,60.694515091024,103.819361884948,42.4729935127571,81.5592285215566,36.8671959843697
"PEFO_S","PEFO","S03",2012,123.552810764931,4.9377595507617,3.88583456746221,60.1341864161027,106.27736665053,44.5328509102288,83.8133523543027,38.1738660847131
"PEFO_S","PEFO","S02",2012,124.105230766068,4.88683981016344,3.90441994405483,61.3596230843234,104.647519951888,43.5117629030992,82.322881084006,37.369346674415
"PEFO_S","PEFO","S13",2012,124.313540760664,4.89133857084083,3.91262298350887,61.3388278332725,104.670830824801,43.5334452649667,82.3376836373533,37.3917072038739
"PEFO_S","PEFO","S12",2012,120.31554370414,4.67004757107419,3.76851590821629,61.3168934308498,104.692902459829,43.3602597831546,82.4064260705607,37.2511354663963
"PEFO_S","PEFO","S14",2012,125.248724767162,4.97752346980364,3.95989781534192,60.8825660408911,105.219321461634,43.9861668024086,82.860621065042,37.8185780606513
"PEFO_S","PEFO","S15",2012,104.348129619841,5.16193018115353,3.16519718614382,60.8125935058175,103.789011671521,42.4465907047649,81.4514915176012,36.8419070072445
"PEFO_S","PEFO","S16",2012,104.047194069732,5.22535458700425,3.14852748841408,60.7904386288006,103.803495005925,42.4446543471504,81.4341334551071,36.8447885787193
"PEFO_S","PEFO","S17",2012,107.208297007445,4.94188199680306,3.29137688798251,60.9588421148846,103.894124469969,42.5844036084292,81.6711015826311,36.8945215540299
"PEFO_S","PEFO","S11",2012,125.367077722699,5.00335365315213,3.97164946398731,60.999012843539,105.091407969351,43.8865260230624,82.7080423196093,37.7549411896658
"PEFO_S","PEFO","S08",2012,123.879089607291,14.7415906695652,1.67274284179925,61.5578963962799,104.059077162947,44.2955364601613,83.2750451911177,37.7331336660674
"PEFO_S","PEFO","S09",2012,125.09363089036,4.94184102221461,3.94680583095731,60.8259412327574,105.295393655616,44.0271470138348,82.9472493541277,37.8342099414516
"PEFO_S","PEFO","S01",2012,123.257881303176,4.93049238662188,3.88291465253977,61.2722911801828,104.84777567737,43.5978801096169,82.5011514890847,37.4565442469968
"PEFO_S","PEFO","S21",2012,124.052028290889,14.8973503060682,1.65390946318627,61.5781836108523,104.228865646587,44.4044392144172,83.3974793789674,37.7921776073125
"PEFO_S","PEFO","S19",2012,120.512348225675,12.8567717423481,1.94589926240862,61.0814182158949,103.104170724912,43.5965377113264,82.5071374676655,37.4448270378128
"PEFO_S","PEFO","S29",2012,118.942883908014,11.9469400110297,2.06337799408146,60.4369397354894,104.036971961572,43.8485203695874,83.03411479293,37.6294081339216
"PEFO_S","PEFO","S24",2012,117.117270645682,10.643268357941,2.24223403528699,59.3498115021656,105.825594378958,44.4028815509588,84.114826488903,37.9926939809683
"PEFO_S","PEFO","S28",2012,102.559331423531,5.35237897638951,3.08211695670594,60.7009612720068,103.784267886921,42.3863751675322,81.3443809508874,36.828979981749
"PEFO_S","PEFO","S30",2012,122.532438136435,13.5991807546012,1.85153421574001,61.3582133445063,103.102149603792,43.6743355571297,82.5920980397827,37.4265297824899
"PEFO_S","PEFO","S23",2013,146.266325778752,22.6736636919958,3.4548967434518,53.0467095013664,98.2762340453106,39.2860139327049,78.9077351211918,40.2219817645978
"PEFO_S","PEFO","S06",2013,117.480152263208,21.6108694666915,2.7217652220912,39.4604483784306,97.0038038373724,39.4420589293807,79.1374776729323,41.0491546605739
"PEFO_S","PEFO","S18",2013,118.219118881839,21.4157057597428,2.70273508311178,39.7817337433008,98.68444372491,39.8843549700072,80.0295897681554,41.3756750326871
"PEFO_S","PEFO","S25",2013,140.982815976965,22.4852308078139,3.40400837382926,47.7416232694313,103.260307918653,41.204728903155,82.1102540515925,41.9836901839963
"PEFO_S","PEFO","S26",2013,149.107057064848,23.2026329019576,3.67603575033993,51.273025376965,101.139349966498,40.5283903215359,80.7579546177754,41.5487938889653
"PEFO_S","PEFO","S27",2013,150.138813382547,23.2914596959029,3.70324483892993,53.4901981860905,98.7499431428251,39.4280993923582,78.9404109710998,40.4364234631953
"PEFO_S","PEFO","S20",2013,139.244836882187,22.3419969857544,3.34658854352693,46.8845775660532,103.224243248681,41.2288001052258,82.1452817797057,42.0101435060756
"PEFO_S","PEFO","S22",2013,150.520115770386,23.373630909644,3.74604424207374,52.3278625310709,100.435629695307,40.1838512327593,80.0802291302035,41.2719773116541
"PEFO_S","PEFO","S10",2013,118.53799782141,21.339906584654,2.69026891092569,40.0400124257593,99.1467717191649,40.0166628821361,80.272730724141,41.488025862082
"PEFO_S","PEFO","S07",2013,143.9254956321,22.7660875043734,3.5114567726427,49.0628411912931,102.133142756777,40.8243759244129,81.3561049122579,41.725811531205
"PEFO_S","PEFO","S05",2013,150.633961928058,23.3677063413171,3.73480250434635,53.4001419156242,99.0739529000285,39.5695712647565,79.0964733512666,40.6071790728545
"PEFO_S","PEFO","S04",2013,136.912538048834,20.3438057681396,2.87526058907881,52.0645935105908,97.025783023772,38.7178122299091,78.2869954771143,39.7824473886776
"PEFO_S","PEFO","S03",2013,149.929398229233,23.2911037350106,3.71080498188806,51.8664072566221,100.845679417944,40.3737121750905,80.460697911054,41.4152070101188
"PEFO_S","PEFO","S02",2013,150.675131226412,23.3722737655556,3.73744996372454,53.4804365527199,98.932063549432,39.4977667169497,79.007897977389,40.5306450629557
"PEFO_S","PEFO","S13",2013,150.829556648398,23.3955709389111,3.7473255630385,53.4803020616178,98.9767251381643,39.5158409862373,79.0218830874053,40.5559949538304
"PEFO_S","PEFO","S12",2013,147.890808068026,22.9754076114264,3.56189279961333,53.0761314317939,98.8297126080742,39.4324933336377,79.1441934165465,40.3934629976591
"PEFO_S","PEFO","S14",2013,151.405767482461,23.4939416839257,3.79271949857799,53.0358359602641,99.8105792206755,39.9108776492764,79.5024649941591,41.0364920709493
"PEFO_S","PEFO","S15",2013,137.297465318994,20.5978891406962,2.88590868593001,52.2161089031918,96.9205316058613,38.6590796096371,78.1459256174028,39.7247128167283
"PEFO_S","PEFO","S16",2013,137.077128616788,20.5358613396024,2.87318059004499,52.2306149378079,96.8914045858008,38.6480218995839,78.1132283078207,39.7066317004852
"PEFO_S","PEFO","S17",2013,139.142892052945,21.0922894357787,2.99786076038537,52.2565083675124,97.2415779448807,38.814194401541,78.4016059969648,39.8709834870734
"PEFO_S","PEFO","S11",2013,151.5334052427,23.5092298114928,3.79477871185448,53.2119569291685,99.6247889184961,39.8367879926826,79.3495665954755,40.9411361039387
"PEFO_S","PEFO","S08",2013,116.765659858782,21.4524492502664,2.91576377110136,36.9201900830573,98.0711437043418,40.0133243122809,79.8216569727709,41.6145509431839
"PEFO_S","PEFO","S09",2013,151.259327592647,23.4758085723624,3.7876322256396,52.9357299778552,99.9152057543034,39.9402422576536,79.5940761305369,41.0720603680269
"PEFO_S","PEFO","S01",2013,150.014415260838,23.2760221768562,3.69503695292224,53.2941700151529,99.1114232211418,39.5959330293397,79.1741297846616,40.6111423027477
"PEFO_S","PEFO","S21",2013,116.820425515944,21.3879558767622,2.92907222982813,36.7136759405309,98.2628559882657,40.1102907075936,79.9383377708193,41.7107475253181
"PEFO_S","PEFO","S19",2013,117.399154825097,21.6361016808384,2.73072648450414,39.3122739207549,96.9223491084378,39.4235679120949,79.1002639020516,41.03458083641
"PEFO_S","PEFO","S29",2013,117.980110157832,21.4786482115884,2.70112519936629,39.8245468967434,97.9480543290811,39.6920297595053,79.6324596694981,41.2401670610096
"PEFO_S","PEFO","S24",2013,119.054890026467,21.2544390308389,2.68894276462232,40.2119969295013,99.9624121246107,40.2486105027011,80.7139269976336,41.6592526344432
"PEFO_S","PEFO","S28",2013,136.084116868792,20.2802695917566,2.81257727453453,52.197319714878,96.7488635652976,38.5817864582153,78.0004642281348,39.6406650411859
"PEFO_S","PEFO","S30",2013,117.068619886539,21.7458818662888,2.80464550892382,38.3506701488388,96.981116317682,39.4611522049006,79.1747694666099,41.0602061834567
"PEFO_S","PEFO","S23",2014,115.600962032173,43.3760816116917,1.1933922214799,48.4813278197826,104.676411829814,37.2363843894584,72.9668727432544,43.6908344377208
"PEFO_S","PEFO","S06",2014,93.4482831767016,40.7849414385557,1.99928852994872,52.166468059421,106.155423861905,37.8886223147886,74.3001012510779,45.7696398075037
"PEFO_S","PEFO","S18",2014,94.7347700487346,40.5968583117591,1.91587770677225,51.0260713849127,108.18379595313,38.3131016777194,75.0741537432568,46.1615860462609
"PEFO_S","PEFO","S25",2014,112.162716552166,41.9963947806703,1.3055214707328,48.7851019419353,111.246747400951,39.3479086259552,76.2207742228788,46.2714771786371
"PEFO_S","PEFO","S26",2014,117.992362305765,43.1884165412346,1.25326582916137,49.7481112484988,107.963690861258,38.5985075272976,74.8162057485996,45.3216008043653
"PEFO_S","PEFO","S27",2014,118.608418015494,43.7170786009909,1.22656718023576,49.2733231602926,105.066146896972,37.5138581821412,73.1047644319032,43.9690383284534
"PEFO_S","PEFO","S20",2014,111.206031207921,41.7960925565787,1.31557330867708,48.7685423953316,111.323313286829,39.3714235066105,76.2917816079469,46.3277763509469
"PEFO_S","PEFO","S22",2014,119.021805334203,43.5437934077564,1.24989197568579,50.0264197222265,106.975723701099,38.2805528578932,74.2171723063975,44.9754235591714
"PEFO_S","PEFO","S10",2014,95.1251780722034,40.5573201515676,1.88097763801029,50.5711656248387,108.713566072289,38.4347824259095,75.2678103352002,46.2945863506886
"PEFO_S","PEFO","S07",2014,114.398755930698,42.4815083567568,1.29074792995343,49.2242270424311,109.631088366449,38.9504959397094,75.489460359129,45.7897238407883
"PEFO_S","PEFO","S05",2014,119.038590110021,43.7668261391439,1.23025667428777,49.583066324202,105.35409479866,37.6656489654166,73.2732962207049,44.1813490777038
"PEFO_S","PEFO","S04",2014,108.546083889584,42.6590354524297,1.12447037109715,46.6010141819725,103.586181937241,36.6559270469653,72.3478080091259,43.3651471968052
"PEFO_S","PEFO","S03",2014,118.612799885344,43.3783451850906,1.24558721032024,49.9038091726622,107.488948626648,38.4519965493702,74.5458242377663,45.1585091122772
"PEFO_S","PEFO","S02",2014,119.015755623363,43.7586348397946,1.2308847080111,49.4461291586523,105.231253322411,37.6046850465657,73.1899309513074,44.0886822106086
"PEFO_S","PEFO","S13",2014,119.135270279312,43.7723913447962,1.23214074764332,49.5004845525995,105.26982795772,37.627867562232,73.2092208518927,44.1198888685561
"PEFO_S","PEFO","S12",2014,116.577441814275,43.3218488112539,1.20680074196408,48.525186626877,105.247980172684,37.4749952117447,73.2388971910567,43.9413106890043
"PEFO_S","PEFO","S14",2014,119.718936568681,43.8150236030025,1.24725827282004,50.2635669242946,106.120108287793,38.0166158013455,73.7028661990947,44.6825209351652
"PEFO_S","PEFO","S15",2014,109.315497335041,42.8122752391317,1.12632838355475,46.8242491973102,103.419804830259,36.6003272591086,72.2048586804574,43.3309528679381
"PEFO_S","PEFO","S16",2014,109.329485209819,42.8303876416179,1.12607374708337,46.8879993681477,103.371486123195,36.584367257599,72.1694338465056,43.3289507868774
"PEFO_S","PEFO","S17",2014,110.178567203873,42.8597900370201,1.13715891187256,46.9055577991089,103.800014735277,36.7517061327159,72.4552835884664,43.4046239791845
"PEFO_S","PEFO","S11",2014,119.863907194589,43.8783214364012,1.2400395978396,50.2838372899132,105.84112817959,37.9334349023298,73.5527147972315,44.5727533041063
"PEFO_S","PEFO","S08",2014,91.8979992429759,40.3777372322036,2.23277125236735,54.7696194805199,107.489189530383,38.4326810452995,75.1411027073043,46.3660366434036
"PEFO_S","PEFO","S09",2014,119.55028631577,43.7564467443924,1.25212281887236,50.164625439939,106.303437300784,38.0561624978469,73.7909211752596,44.7274568627358
"PEFO_S","PEFO","S01",2014,118.61220134918,43.7168732610145,1.22481391484704,49.5195190091694,105.39758029896,37.6651853164512,73.3242161633525,44.1894676222849
"PEFO_S","PEFO","S21",2014,91.806385833231,40.3129975484171,2.25599212735817,54.9733902489895,107.7058667861,38.5189006269979,75.2587405855046,46.4653833945106
"PEFO_S","PEFO","S19",2014,93.3278180740226,40.7894456736785,2.01378057362335,52.355959002145,106.064040421707,37.8739844830734,74.2813975397892,45.7531066283063
"PEFO_S","PEFO","S29",2014,94.2369264522372,40.688076907276,1.93850996922445,51.3517723699863,107.278008005962,38.1237139144277,74.7108078322718,45.9973524580971
"PEFO_S","PEFO","S24",2014,95.8737546387513,40.4711471088663,1.83669013039573,50.0477800120773,109.661528577761,38.648542467462,75.6440752721021,46.4905785511984
"PEFO_S","PEFO","S28",2014,108.901738781637,42.8145050518576,1.12088539843067,46.8669737570468,103.202799609401,36.5141168382734,72.0548638958228,43.3028600142489
"PEFO_S","PEFO","S30",2014,92.915929125839,40.739259772272,2.08839500825218,53.3397383480289,106.20147964508,37.9330655231122,74.4493216215882,45.7899994306074
"PEFO_S","PEFO","S23",2015,77.9286043686164,21.7066369689867,59.2382843437509,101.988904897127,101.984598839497,37.9732089262678,64.6762166910965,43.2096358671157
"PEFO_S","PEFO","S06",2015,100.375489139336,14.8626462199815,67.5352082923167,99.0950095046661,101.777045913236,40.0615579482031,65.687578297511,46.7531659580832
"PEFO_S","PEFO","S18",2015,96.9553561397321,15.0727956345209,66.2975468155429,98.7787251667083,103.518101737516,40.5466339904052,66.4462427285231,47.2032109427541
"PEFO_S","PEFO","S25",2015,78.302512067209,20.1166575085313,59.768035417199,99.1577650303423,107.371838676964,40.5860600718065,67.9672988670473,46.3752885277
"PEFO_S","PEFO","S26",2015,77.450351697905,21.725142209751,60.405641039762,100.447283656177,104.920327984128,39.3486212004273,66.6211582980483,45.0735958643519
"PEFO_S","PEFO","S27",2015,78.0604806968324,22.2212073557548,60.5150524517168,102.064962641962,102.387551050287,38.0760356005765,64.8913667788911,43.4635210712686
"PEFO_S","PEFO","S20",2015,78.8658917508919,19.7593676964989,59.9320575184927,98.7733208571692,107.390388636358,40.6998699409972,68.0196309455029,46.4990162499927
"PEFO_S","PEFO","S22",2015,77.6333537097104,22.1283237718865,60.7091545137247,101.087168131194,104.124264357657,38.8819866480395,66.0225451580515,44.6134941035789
"PEFO_S","PEFO","S10",2015,95.7394003563768,15.1825334017471,65.7282596020435,98.7612598413742,103.998140004993,40.6647007076189,66.638491616772,47.3402133716681
"PEFO_S","PEFO","S07",2015,78.1919677148624,20.7255377962658,60.1453804765007,99.7078771497424,106.110023513223,39.9879131119569,67.2542034680363,45.7635008826842
"PEFO_S","PEFO","S05",2015,78.0908727227388,22.3072171710977,60.6712326704381,101.820270103012,102.714977873461,38.2037111260316,65.0654846359776,43.6845898398194
"PEFO_S","PEFO","S04",2015,78.7072781366515,21.0660252760593,56.0183407611904,101.474621991696,100.760190955543,37.5609122772619,63.9708851737459,42.8646711213937
"PEFO_S","PEFO","S03",2015,77.5689822867455,21.9528918863508,60.5411862936912,100.708525773455,104.570540424966,39.1258507459296,66.3515614471586,44.8423091462756
"PEFO_S","PEFO","S02",2015,78.0630324040476,22.2874983803298,60.6828968583345,101.980050917733,102.564998965417,38.1388087887177,64.987304017057,43.5875849805511
"PEFO_S","PEFO","S13",2015,78.0630661282987,22.3085957028987,60.7317152206474,101.956156263325,102.607524556171,38.1536467554543,65.0094895319134,43.6192749933055
"PEFO_S","PEFO","S12",2015,77.6265971892669,21.6647539317153,59.7316460660869,102.111664043371,102.513517545775,38.1400121378308,64.9798836908003,43.4982784285814
"PEFO_S","PEFO","S14",2015,77.8993264738113,22.4244919931799,60.946526828002,101.413637990487,103.450106624938,38.5187248568366,65.5044210081234,44.2316911651453
"PEFO_S","PEFO","S15",2015,78.8547300072457,21.200120551501,56.3000581430643,101.507705637352,100.607291633914,37.4986752208956,63.824040156344,42.7651122718292
"PEFO_S","PEFO","S16",2015,78.9992057377671,21.2649386740927,56.2347638987987,101.44775994627,100.568657366896,37.4874476822324,63.7810741186782,42.749712055111
"PEFO_S","PEFO","S17",2015,78.3154550700346,21.0892495180759,56.8342208447014,101.752922163411,100.986512462927,37.6332305490219,64.1026619208408,42.9111428712796
"PEFO_S","PEFO","S11",2015,78.0744925077395,22.4925814158706,60.9714997526777,101.358533853249,103.259220840661,38.4240554129518,65.3512349579243,44.0884342478871
"PEFO_S","PEFO","S08",2015,104.374817001239,13.8136247072566,71.3874541389046,99.2244913696387,102.725216444046,40.8570604771363,66.3127101579993,47.5958298400675
"PEFO_S","PEFO","S09",2015,77.7621661349123,22.3542209044611,60.9114624192603,101.516254955443,103.560346917499,38.5685844320916,65.5943697410953,44.3006611501785
"PEFO_S","PEFO","S01",2015,78.1265753029269,22.2424882627617,60.4746011693918,101.719724634309,102.773579464646,38.240004001822,65.1006284362382,43.699764365242
"PEFO_S","PEFO","S21",2015,104.64679878403,13.6872154701286,71.7463551953179,99.2706416652021,102.890742274765,40.9527659247087,66.4017045594248,47.7085524867761
"PEFO_S","PEFO","S19",2015,100.774181895879,14.821493231017,67.797364024752,99.0770626954428,101.688292425757,40.0606581252463,65.663523472479,46.7448126729896
"PEFO_S","PEFO","S29",2015,98.1404155998634,15.0283087458002,66.571571110086,98.9737403421108,102.759555036132,40.3080251677565,66.0961602366444,46.9991090266265
"PEFO_S","PEFO","S24",2015,93.951270969142,15.3100093612548,65.1359018664068,98.6474381401427,104.823604313602,40.8985936280046,67.0076338131055,47.5407020153903
"PEFO_S","PEFO","S28",2015,79.3016691690482,21.333698520346,55.9256195732978,101.313963247376,100.404711202628,37.432794335649,63.6488570284824,42.69333298517
"PEFO_S","PEFO","S30",2015,102.336926395874,14.5931068579109,69.242124867497,98.8410093773881,101.7295373008,40.2491977307368,65.7843940696739,46.8781079280307
"PEFO_S","PEFO","S23",2016,92.968083427497,16.6495595328245,23.0169637987389,71.8531163547501,105.084845421582,40.1384700136422,73.3755566093742,42.2166444512956
"PEFO_S","PEFO","S06",2016,97.6173746256358,14.674427421247,18.7289198535863,56.7575534986905,105.560766487375,40.517416650752,74.3001336472733,43.6916837874099
"PEFO_S","PEFO","S18",2016,96.3134978414955,14.5153181074877,18.7261041607368,57.4987111415887,107.53936585677,40.9693846746683,75.1888052068642,44.1298030776497
"PEFO_S","PEFO","S25",2016,91.7818667647353,15.9542963531454,19.4464574119224,68.4202793524925,110.531172774978,42.4636523987103,77.0173125701857,44.2136817542514
"PEFO_S","PEFO","S26",2016,92.8332079079333,16.949343710097,20.29277455877,72.2411301283241,107.767200289462,41.8774634571348,75.4903542287658,43.6302659963233
"PEFO_S","PEFO","S27",2016,93.2458637834045,17.1711712751366,22.7902505310688,73.119447449847,105.208700216232,40.6085100819332,73.6012630247026,42.4612137458086
"PEFO_S","PEFO","S20",2016,91.8190002957608,15.8126849743816,19.34348253835,67.5894880413914,110.626152529683,42.4838387772536,77.0694478429156,44.261621757473
"PEFO_S","PEFO","S22",2016,93.0878896343739,17.2522686025964,20.8806800500441,73.3036063619464,106.869868993456,41.5689550919464,74.8434923688925,43.3313439823507
"PEFO_S","PEFO","S10",2016,95.8674125883368,14.4761671631812,18.7387204567831,57.852478786185,108.096592493543,41.0933245896286,75.4175903421904,44.2702526302963
"PEFO_S","PEFO","S07",2016,92.2719888464837,16.3741129096611,19.7061759086062,69.9349469596151,109.114904692036,42.1475857113853,76.2090878142178,43.9038598755169
"PEFO_S","PEFO","S05",2016,93.3189334421896,17.2759171144929,22.6689693087471,73.3848964819909,105.48790376489,40.808709888335,73.7989347372942,42.6496242464194
"PEFO_S","PEFO","S04",2016,92.9414114495353,15.7720937284279,23.5781583761688,69.1155418516496,103.967009603511,39.2271025298672,72.7079128509633,41.89343787534
"PEFO_S","PEFO","S03",2016,92.9718513755673,17.1244178104266,20.7939671451496,72.8145816104535,107.408985701466,41.7270442927551,75.2014083000736,43.4897384102469
"PEFO_S","PEFO","S02",2016,93.2788938690027,17.2619968269464,22.7170035243408,73.3067316877617,105.333168186171,40.7390628952615,73.7087390806688,42.5681502244886
"PEFO_S","PEFO","S13",2016,93.2930755425911,17.2893871871602,22.6955717350678,73.3657543767442,105.36270663631,40.7741578931551,73.7342635661217,42.5955440101015
"PEFO_S","PEFO","S12",2016,92.631892731872,16.7949447098265,22.8043831750634,71.9166346748197,105.446582126446,40.4684772971921,73.7047051982638,42.4528711735155
"PEFO_S","PEFO","S14",2016,93.385276104378,17.457595901553,21.6027880104208,73.9686108066053,106.129425422606,41.3002529258581,74.2918120159324,43.0785407098171
"PEFO_S","PEFO","S15",2016,92.8315508064112,15.8992006567347,23.5574739133123,69.6223940079858,103.844185921647,39.157059811467,72.5860110728736,41.8336895627943
"PEFO_S","PEFO","S16",2016,92.9245440853909,15.892916697725,23.5405856075693,69.7200596524486,103.813790114658,39.1268873775418,72.5518495117617,41.8223423502073
"PEFO_S","PEFO","S17",2016,92.6744821668906,16.0111299765676,23.4854238777609,69.6921173562368,104.185523556408,39.3869123406058,72.8266757705383,41.9415264285501
"PEFO_S","PEFO","S11",2016,93.5150390699109,17.4921246855633,22.2181413666986,73.9972843820376,105.975564220706,41.1895700441698,74.1344970439097,42.9847975984021
"PEFO_S","PEFO","S08",2016,98.4700722040738,14.878974691591,18.8324897442364,53.4022312431528,106.096212250964,41.0181341782117,75.0444994144679,44.1717137435057
"PEFO_S","PEFO","S09",2016,93.2547839942603,17.4119155255525,21.2121420609603,73.8773543413849,106.209900348332,41.3485440113725,74.3816896120926,43.1181862675886
"PEFO_S","PEFO","S01",2016,93.2907295542326,17.1848356600432,22.6939141079765,73.2331492536399,105.589240399591,40.7720092836117,73.8356523081282,42.6595409336399
"PEFO_S","PEFO","S21",2016,98.487728977755,14.9236227536872,18.8556539960483,53.0206557210069,106.274199680609,41.0905938939286,75.1502396383274,44.2506726019844
"PEFO_S","PEFO","S19",2016,97.7409043794847,14.6789450260548,18.7346968921128,56.5978473664922,105.417290025736,40.5033130466921,74.2727519649881,43.6662999027294
"PEFO_S","PEFO","S29",2016,96.7973825003207,14.589658059151,18.7274683043134,57.3419880678013,106.719801803981,40.7642472111601,74.7794060283936,43.9492082937616
"PEFO_S","PEFO","S24",2016,95.1628239247587,14.4118013050286,18.7465936411568,58.2509794342246,108.98200847716,41.3264414641488,75.8539028876872,44.4667258617104
"PEFO_S","PEFO","S28",2016,93.0511932289599,15.8314367819237,23.5534813213981,69.7119294938178,103.668514127444,39.0108854861011,72.4399843897749,41.778167299948
"PEFO_S","PEFO","S30",2016,98.1210251559145,14.6491187513051,18.7759525687319,55.711279106024,105.170605167462,40.584776120908,74.4227330008868,43.6741081176531
"PEFO_S","PEFO","S23",2017,91.9654712585274,24.4596614157574,11.5159528588193,97.3279692833299,107.632984105608,41.4058086890057,76.8177666233059,38.8103616505079
"PEFO_S","PEFO","S06",2017,106.839514753514,25.2911544632403,12.2763975796473,82.6621721995068,108.741807053502,42.4329981438218,77.8555608185371,42.4238925356703
"PEFO_S","PEFO","S18",2017,103.986799519402,24.6881339756379,12.0617349729047,81.9816681691183,110.553559066629,42.904412494351,78.7991311540365,43.0120752381714
"PEFO_S","PEFO","S25",2017,92.1785272423127,24.3447787313695,11.3418150365124,81.9096183934819,113.052382297891,43.5691232852731,80.4078082956217,42.5448455420188
"PEFO_S","PEFO","S26",2017,92.785243524817,25.1784423484323,11.8729433386006,87.005369434379,110.300760634899,42.7459405677705,78.8562496455504,41.2551377735744
"PEFO_S","PEFO","S27",2017,94.2913252567736,24.976118735233,11.9535012919253,94.8386916906189,107.69109430579,41.5850514493289,76.959008016076,39.2636276293874
"PEFO_S","PEFO","S20",2017,91.7218422383977,24.3020560049413,11.2959933491912,81.2613034021685,113.179570168305,43.6406885149213,80.4671319378764,42.6667511274814
"PEFO_S","PEFO","S22",2017,93.981359226013,25.3699461894842,12.0232072344885,89.1124955758639,109.290676185314,42.3591971234578,78.1770768713065,40.7359876573071
"PEFO_S","PEFO","S10",2017,102.843088240823,24.4996802134164,11.960381673659,81.9897152772383,111.03593393797,43.0325297478305,79.0417032860427,43.2005263456654
"PEFO_S","PEFO","S07",2017,92.537336125305,24.7356177914179,11.5645615068202,83.814991612965,111.641904595163,43.1491909807616,79.5857171859254,41.9366501389513
"PEFO_S","PEFO","S05",2017,94.4487238167023,25.1407817757592,12.0197997342312,94.2617093504368,107.917745901998,41.7215838607727,77.1370275693003,39.5475340294943
"PEFO_S","PEFO","S04",2017,88.3734008896077,24.1393743522582,10.59103252746,102.363099253685,106.728159580683,40.8668436604791,76.0778627538894,38.2962978103974
"PEFO_S","PEFO","S03",2017,93.3884325326252,25.2715074751463,11.9548551280219,88.5651471997738,109.859519932595,42.5627017059892,78.5485880303478,40.9760942351247
"PEFO_S","PEFO","S02",2017,94.5772008606059,25.0661778243072,12.0152152302973,94.2901432605131,107.790587922094,41.6591939236618,77.0487173865428,39.431202505874
"PEFO_S","PEFO","S13",2017,94.659566027324,25.0953971291411,12.0337332091373,94.1387279608121,107.810688047953,41.6776650791571,77.0686418112551,39.4749536445118
"PEFO_S","PEFO","S12",2017,93.049041288336,24.2507879817972,11.6335518689101,95.144593129504,108.003180243922,41.5987332043636,77.1234737446463,39.1823488238993
"PEFO_S","PEFO","S14",2017,94.6990234485736,25.5292480894937,12.1353758167316,91.2748226317914,108.45820211376,42.0515371139179,77.595251568117,40.2879925601806
"PEFO_S","PEFO","S15",2017,88.6734351957295,24.4034976720658,10.6743800206887,102.654522788332,106.594009838031,40.80261194737,75.9231409195002,38.2427833685874
"PEFO_S","PEFO","S16",2017,88.6210569558919,24.5430717765722,10.6773030468376,102.977186528024,106.557996780057,40.7848928629361,75.8785753723656,38.2418764487396
"PEFO_S","PEFO","S17",2017,89.0849974476087,24.048875340954,10.7913745886545,100.967280774308,106.928512121108,40.9676079213198,76.2241947291751,38.344718471882
"PEFO_S","PEFO","S11",2017,94.7241091520545,25.5319415809011,12.1564397614491,92.776112647297,108.264721153405,41.9634043968879,77.4278102866285,40.0845335878145
"PEFO_S","PEFO","S08",2017,112.148928119947,25.4049066352511,13.154059080252,79.9057016217515,109.793744418682,42.9805439659687,78.5942507022395,43.2178515533189
"PEFO_S","PEFO","S09",2017,94.6869405215405,25.4745909177734,12.1097202386668,90.2958235625331,108.580224733513,42.0942539418336,77.6966017362702,40.3868053759095
"PEFO_S","PEFO","S01",2017,93.9938215307922,25.1038628723243,11.9530199711044,94.7576184553325,108.032636131936,41.7397755705097,77.1945962379699,39.5428478604748
"PEFO_S","PEFO","S21",2017,112.457495662085,25.3939845790562,13.2391939817424,79.6173092720641,109.961109191909,43.0563650152566,78.697685443257,43.342907223516
"PEFO_S","PEFO","S19",2017,107.356178917234,25.3412019128796,12.3273597000773,82.5860582550272,108.664195617458,42.4194728732126,77.8270372795625,42.3961701875959
"PEFO_S","PEFO","S29",2017,104.761320711888,24.9251088730193,12.1033602920161,82.4522407438983,109.74446481961,42.6889478310951,78.3638175919324,42.7639194842646
"PEFO_S","PEFO","S24",2017,101.328312831558,24.203865755382,11.8556670351853,81.5915110393957,111.8897376732,43.2622164422022,79.5006263293122,43.4627914725847
"PEFO_S","PEFO","S28",2017,88.3397035792157,24.7616879345999,10.6211345089535,103.859807870558,106.418067245427,40.7113032427623,75.738882729551,38.2049578444372
"PEFO_S","PEFO","S30",2017,110.043659089705,25.4563245333074,12.6308496060206,81.7507219226146,108.805062964929,42.5112852251001,77.9878996088422,42.4479377950318
"PEFO_S","PEFO","S23",2018,144.95640732331,13.0285453157289,12.4563054212127,18.8038470561291,115.30798027241,41.1477484635559,81.3946403210942,54.0156262440204
"PEFO_S","PEFO","S06",2018,118.354584330454,11.7356192126213,18.5787920510536,14.1280924698892,116.124665352453,44.564406410334,83.6571330034764,57.3813661580868
"PEFO_S","PEFO","S18",2018,120.274057796618,11.6987750498966,18.2878125597884,14.2891381912165,117.819026351918,44.9893070605039,84.4938539884791,57.8701958667355
"PEFO_S","PEFO","S25",2018,141.920250003285,11.9869106136167,16.6789298814647,16.5088160861024,120.250039927376,44.1458620564376,85.0398375064351,57.0822651405365
"PEFO_S","PEFO","S26",2018,147.075785117856,12.7980446598797,15.8781301719526,17.8215960157593,117.669462603215,42.6060967256343,83.2952218719729,55.622418235989
"PEFO_S","PEFO","S27",2018,148.141001479856,13.0796057642432,13.636990095625,18.7891490195202,115.16014965652,41.1824289629839,81.4387715910214,53.9173512237449
"PEFO_S","PEFO","S20",2018,140.305144118067,11.8558851724294,16.8334226972419,16.2164509221224,120.378728921472,44.3197283889891,85.1690250118011,57.2386884451247
"PEFO_S","PEFO","S22",2018,148.299881936736,12.9586586687512,15.5102747611543,18.2269067967439,116.650312316327,42.0635128779418,82.5994716775442,55.03594582948
"PEFO_S","PEFO","S10",2018,121.043199535053,11.7286127083891,18.1341747393991,14.4268762581353,118.276187838989,45.0820141149775,84.6996993344896,58.0133935519555
"PEFO_S","PEFO","S07",2018,143.635113038544,12.2796764446199,16.4719516147551,16.9993454300016,118.915792603648,43.4312922790331,84.1739664610435,56.3754403304588
"PEFO_S","PEFO","S05",2018,148.473196940526,13.090075725679,13.9249394119073,18.7364650106408,115.32787688687,41.3114259862923,81.5929384294043,54.0920544367626
"PEFO_S","PEFO","S04",2018,136.818136284976,13.0675696747743,10.3921615846129,18.9451223293087,114.659779626544,40.8827745416415,80.9789337393372,53.9377076857942
"PEFO_S","PEFO","S03",2018,147.792334990764,12.9045694310689,15.5175651311055,18.0649875442215,117.224804923786,42.340602958325,82.9731044298663,55.336433687113
"PEFO_S","PEFO","S02",2018,148.552956490733,13.0878594732786,13.8707809188136,18.7646454939765,115.214315244219,41.2386026901678,81.5070285619567,53.979181633442
"PEFO_S","PEFO","S13",2018,148.671351373507,13.0907942024007,13.939313640263,18.7588342673009,115.222529072253,41.2512793011938,81.521294232449,53.993957008653
"PEFO_S","PEFO","S12",2018,146.510098378992,13.0283355644156,13.0800661031514,18.7495834347671,115.582549497023,41.29165448893,81.620058512006,54.0849964641389
"PEFO_S","PEFO","S14",2018,149.001143278019,13.0683774383617,15.0895417706398,18.5181825580954,115.793173729168,41.6457369427639,82.0139647134323,54.5719002916545
"PEFO_S","PEFO","S15",2018,137.123137013399,13.0519731527464,10.5699037417957,18.9173143921392,114.518043815072,40.8461319769996,80.8835000399119,53.9112382190331
"PEFO_S","PEFO","S16",2018,136.916587365431,13.0548863746386,10.5768521039664,18.9191642479733,114.49084092904,40.8483519207224,80.8724465405691,53.9268590818929
"PEFO_S","PEFO","S17",2018,138.728841285974,13.0146482272129,10.8254423605854,18.8710392316793,114.796848367104,40.9210974129724,81.0367711640417,53.9471800679186
"PEFO_S","PEFO","S11",2018,149.074558396417,13.1085597777106,14.6565679864114,18.6214317678456,115.587536042551,41.5349624864879,81.8473566005236,54.4294253553085
"PEFO_S","PEFO","S08",2018,112.796698008381,11.659959586067,19.7240392706132,12.8588333228672,117.217987897751,45.5925621889028,84.5057779084946,58.2282157718422
"PEFO_S","PEFO","S09",2018,148.935833871988,13.0374090131294,15.3360168917886,18.4538032822938,115.927284455248,41.7046903384718,82.1145155438518,54.6379613325725
"PEFO_S","PEFO","S01",2018,147.943066146195,13.0791209088662,13.728617402245,18.7191428888058,115.465314554352,41.3662074772245,81.6661658844791,54.1835156462177
"PEFO_S","PEFO","S21",2018,112.22404831992,11.6915389903512,19.8384422891232,12.7349834049443,117.393887825676,45.7065099329704,84.6169627822498,58.3376193764371
"PEFO_S","PEFO","S19",2018,118.084051393457,11.7206104376744,18.6506571197424,14.0613529857399,116.048639757079,44.5770137576789,83.6387061626003,57.3742376265921
"PEFO_S","PEFO","S29",2018,119.684043779993,11.7452775273464,18.3354966420162,14.307071818868,117.067751310692,44.7642362635627,84.0981509738681,57.6446106890566
"PEFO_S","PEFO","S24",2018,122.038404716695,11.7025240487144,18.0073451617861,14.5057346107862,119.087265281405,45.2849517861497,85.0976695599047,58.2415687362932
"PEFO_S","PEFO","S28",2018,136.034080710774,13.0648269643393,10.4612100915903,18.9326812830055,114.381097531951,40.8279061145274,80.8148595451011,53.9381687620039
"PEFO_S","PEFO","S30",2018,116.756062524088,11.5896071017209,19.0549017064947,13.6394045610831,116.165095935882,44.8454576864729,83.8336448619483,57.5272703357954
"PEFO_S","PEFO","S23",2019,58.6204339492355,36.615315504866,20.489506117528,73.3142087647725,118.146400425023,35.7886329341567,60.5059796169579,32.4866272962892
"PEFO_S","PEFO","S06",2019,58.062035331384,27.6704137712091,21.1139340097909,78.7767185587738,118.447931154603,38.4428230268844,62.0682007514913,35.9276510411819
"PEFO_S","PEFO","S18",2019,57.6882266049255,27.8484106016639,20.8397824260095,77.9964290446802,120.368260186516,38.8943069691336,62.7973438805017,36.3890647710608
"PEFO_S","PEFO","S25",2019,57.7474047176557,34.244795187843,20.3277423144174,72.5647714025957,123.58827184466,38.5927119297662,63.5445947616262,35.493766032821
"PEFO_S","PEFO","S26",2019,60.2755264091202,36.1185962748241,20.8979464198229,73.7655718590275,120.845196133203,37.2504301079186,62.12719966175,34.0435192159694
"PEFO_S","PEFO","S27",2019,60.5405954543473,36.9985036433569,21.0187938497898,73.1657482870779,118.045491463484,35.9233179840494,60.5712480650067,32.5385640165267
"PEFO_S","PEFO","S20",2019,57.4695896073893,33.7945192130347,20.2377078673402,72.500605652794,123.70631205042,38.7184421914736,63.622134199318,35.6169335201132
"PEFO_S","PEFO","S22",2019,60.7974084708897,36.6842312978602,21.0704382387717,74.3701837431754,119.765194252013,36.7608511955103,61.5376254351674,33.551722623141
"PEFO_S","PEFO","S10",2019,57.5679867573024,28.0148136153977,20.7885142449743,77.8038401139926,120.887250746954,39.0092547128587,62.9804055976523,36.5327496744736
"PEFO_S","PEFO","S07",2019,58.7898755191319,34.9573696153555,20.5591130607482,73.1871774210183,122.16424503227,37.953160615568,62.8153171778911,34.801297315916
"PEFO_S","PEFO","S05",2019,60.787274448667,37.0478677590528,21.0880886787117,73.5216742302891,118.274335011201,36.0527203704802,60.697888646325,32.7104289115632
"PEFO_S","PEFO","S04",2019,53.663420618704,35.64703943424,18.7609618612561,73.2328420825195,117.194117759185,35.4443154062431,60.0731951905224,32.432993044678
"PEFO_S","PEFO","S03",2019,60.5522245537489,36.4416044499736,20.9948048794853,74.0630681499467,120.368088539649,37.0132926700153,61.8617075506662,33.803755424727
"PEFO_S","PEFO","S02",2019,60.7796993335731,37.0410164585415,21.0807915394352,73.2846556584208,118.124342200363,35.9918756130139,60.6331939246029,32.6170567883845
"PEFO_S","PEFO","S13",2019,60.8489234685592,37.0554743500003,21.0989552796529,73.3252403554638,118.139279240305,36.0077065710719,60.6455888855978,32.6357738797334
"PEFO_S","PEFO","S12",2019,59.1938016198434,36.6181949166997,20.590630022598,73.0869905515584,118.419792397,35.9927404931729,60.7502212653696,32.6405613602755
"PEFO_S","PEFO","S14",2019,61.1828212839306,37.0729617755845,21.1953432363082,74.6286775995015,118.872720846206,36.372792822157,61.0287592321243,33.1496654225161
"PEFO_S","PEFO","S15",2019,54.2738164844359,35.7672885584121,19.1755830106494,73.2906654387222,117.061572516011,35.382324853649,59.950745943261,32.3986951068871
"PEFO_S","PEFO","S16",2019,54.2762332804712,35.775841631613,19.185455692548,73.3943490051913,117.035380202153,35.3723538019957,59.9193856708619,32.4144683714865
"PEFO_S","PEFO","S17",2019,54.8923342362614,35.8513798084329,19.3614910290865,73.1487162516273,117.398726296795,35.4963282772353,60.1555528391808,32.4145708922311
"PEFO_S","PEFO","S11",2019,61.2462067925809,37.1593192739854,21.2195388427361,74.4412035935994,118.653941231057,36.2654060072976,60.8866300231428,33.0182229183844
"PEFO_S","PEFO","S08",2019,57.4129504463355,26.0860827534061,20.9110020835777,79.165951972301,119.415693181619,39.1833343110776,62.7947662332922,36.6398875056202
"PEFO_S","PEFO","S09",2019,61.1013708315953,36.9977193729821,21.1656992908139,74.6720704556343,119.005667206181,36.432695977141,61.1194251969033,33.2162919482199
"PEFO_S","PEFO","S01",2019,60.5380941302865,36.991713162329,21.0278743646788,73.6174103716907,118.431216793661,36.0838327631401,60.7535573223044,32.7686678017773
"PEFO_S","PEFO","S21",2019,57.3200820132046,25.971737687115,20.904537501393,79.2679247102547,119.58429136419,39.2749509208268,62.8925516539161,36.7353601540524
"PEFO_S","PEFO","S19",2019,58.0709545059126,27.5807816920863,21.1185560319576,78.7710757145975,118.356120040344,38.4405652604315,62.0493840091089,35.9156040150983
"PEFO_S","PEFO","S29",2019,57.8535070916583,27.8878272716614,20.9769255157514,78.3855441356793,119.522154129821,38.6754352018264,62.4563932216385,36.1841510241831
"PEFO_S","PEFO","S24",2019,57.3254528955079,28.148944305982,20.6419532625238,77.333561315276,121.802684541434,39.2248955968096,63.3298945599486,36.7462568157811
"PEFO_S","PEFO","S28",2019,53.9654463735041,35.7277712912941,19.1009986226757,73.5402451318999,116.902612713434,35.3267959135524,59.826907774576,32.431805015975
"PEFO_S","PEFO","S30",2019,57.9736962838189,26.9727482959586,21.0262998577634,78.434829737569,118.435505226817,38.6068419631092,62.2010226860673,36.024119962246
"PEFO_S","PEFO","S23",2020,28.7890336152268,66.8054165251151,2.96481562135336,114.711410689562,130.638164533937,33.9999801306252,77.2272326131435,37.936211505066
"PEFO_S","PEFO","S06",2020,27.5213650777414,52.7059319428983,1.53968476309995,126.804189546706,131.045354113655,35.4961280939411,78.5350437922297,39.9622083636403
"PEFO_S","PEFO","S18",2020,26.996582752787,53.54300697287,1.70508496051478,124.666302317148,132.853406649151,35.922425542183,79.3494646475004,40.3395020065828
"PEFO_S","PEFO","S25",2020,27.9679149544027,64.5770814389716,2.66797735658705,113.81351777863,136.335283178403,36.0336617588539,80.4601295228994,39.8995026896304
"PEFO_S","PEFO","S26",2020,29.204438869327,67.5116123611095,2.95304409462117,113.68695211822,133.841329737578,35.0605648676583,78.9640529034672,39.0564746945428
"PEFO_S","PEFO","S27",2020,29.4409852938083,68.3559711428157,3.0163327545899,114.883996300235,130.937275508678,34.0380797891284,77.2609948380943,38.0369191570166
"PEFO_S","PEFO","S20",2020,27.7225341814016,63.9392285500738,2.61856416505843,114.108306769167,136.424567077807,36.1120270961582,80.5426124016283,39.9868702335715
"PEFO_S","PEFO","S22",2020,29.4526837693229,68.2929988327842,2.99502977342404,114.357834529649,132.842199108276,34.6775679212518,78.3287622655111,38.7629052510992
"PEFO_S","PEFO","S10",2020,26.782242805434,53.8670204821994,1.77434541438354,123.942674647085,133.322940261267,36.042158160833,79.5620440230968,40.4533379829184
"PEFO_S","PEFO","S07",2020,28.4122198520986,65.7443093512722,2.77330469122705,114.060569547964,135.016112768754,35.551956672209,79.6931885411884,39.5052078530719
"PEFO_S","PEFO","S05",2020,29.5410370687651,68.5316583221063,3.02471393299016,114.88057725113,131.266325817229,34.1401515735484,77.4014506015175,38.189611704912
"PEFO_S","PEFO","S04",2020,27.5646587472689,62.6827682404534,2.86055814658001,113.487124424505,129.144869627663,33.9258625790164,76.7826140223712,37.7779528801629
"PEFO_S","PEFO","S03",2020,29.35402881182,67.916391646689,2.97937130593314,114.00851973164,133.409213688708,34.8812057731641,78.6708552117982,38.9112872829966
"PEFO_S","PEFO","S02",2020,29.5379643885312,68.5478352810565,3.02424365449298,114.846426002524,131.100027939724,34.0871148793992,77.3260815021447,38.1136204865885
"PEFO_S","PEFO","S13",2020,29.5668548971834,68.6050973501683,3.02671818501209,114.842244275351,131.137967670185,34.0979101983857,77.3397544153307,38.1329367898301
"PEFO_S","PEFO","S12",2020,29.0411791385376,67.2881833328994,2.98074371985566,114.211262947396,131.134299517592,34.141392908853,77.4655202236369,38.0814520884956
"PEFO_S","PEFO","S14",2020,29.6579524146899,68.8227551062034,3.02817601229418,114.885505527751,132.01740625893,34.3762514982183,77.7877318538672,38.5367697690125
"PEFO_S","PEFO","S15",2020,27.5755397844366,63.0515580909568,2.84983142264646,114.023215975768,129.00917006653,33.8824105346389,76.6371539993574,37.7021056397948
"PEFO_S","PEFO","S16",2020,27.5621227303288,63.0139824593889,2.84570948766184,114.173311084967,128.968708334462,33.8830388357846,76.602688736145,37.7028593153433
"PEFO_S","PEFO","S17",2020,27.7516876681344,63.742361734207,2.87435772483654,113.77597538779,129.462471621347,33.9271908833991,76.8655969954133,37.7887588084461
"PEFO_S","PEFO","S11",2020,29.7296064155745,68.8854587991962,3.04072018817345,114.978434115541,131.8122920397,34.3009691903697,77.6314582460849,38.462140974961
"PEFO_S","PEFO","S08",2020,28.4705883865859,50.1787326790997,0.954833836586608,128.745127156117,132.053392421661,35.9316718417844,79.1778627506659,40.4559244505631
"PEFO_S","PEFO","S09",2020,29.592083666409,68.7514555090171,3.01770268368756,114.779407870427,132.13084997055,34.4183832030557,77.8844967008982,38.5669354764923
"PEFO_S","PEFO","S01",2020,29.4330572409167,68.2911861930817,3.01516039559702,114.904045127199,131.36263010517,34.177987064889,77.4630448079803,38.2200161940125
"PEFO_S","PEFO","S21",2020,28.5496755502234,49.9113189371723,0.906828238693704,128.862835916206,132.216419814793,35.9914447108473,79.2713439672923,40.5252695245899
"PEFO_S","PEFO","S19",2020,27.6137272140898,52.5668596706656,1.50506060738751,127.030951778924,130.969662441756,35.4831209641013,78.5078445027513,39.9506035669381
"PEFO_S","PEFO","S29",2020,27.1399346333177,53.3001083587419,1.66547324697493,125.441118165811,132.039829285101,35.7297667256567,78.9772684509846,40.1721019558305
"PEFO_S","PEFO","S24",2020,26.5315161406737,54.3283998318194,1.84887136267426,122.859669463261,134.184651608265,36.2440051882577,79.9549562998023,40.6200217361587
"PEFO_S","PEFO","S28",2020,27.4594964574068,62.6744966783511,2.83111466400405,114.34685749751,128.777452047356,33.8749805213508,76.5010770657759,37.6834544143229
"PEFO_S","PEFO","S30",2020,28.0732549973996,51.8653995855275,1.30569784873721,127.823849968136,131.122133108894,35.5572207862929,78.6292970688724,40.0260927921437
"PEFO_S","PEFO","S23",2021,124.816060087159,31.1202985991875,2.3090253160414,30.5691927697733,108.742878256244,36.7781116496712,83.8914727160165,43.8005622225137
"PEFO_S","PEFO","S06",2021,144.202617969777,27.7491857592686,2.79896087691892,34.566096031545,103.630859765919,37.09347193077,82.2458284715106,44.7853354023917
"PEFO_S","PEFO","S18",2021,142.329445611965,27.9967940829042,2.77104917564907,33.8567606325908,105.56600713621,37.5368314320288,83.1929480254397,45.1687936069963
"PEFO_S","PEFO","S25",2021,122.342640404698,29.6437818741242,1.85164428699922,28.1138030397881,112.220079301913,38.4037591771967,87.0367780196369,45.6503800912316
"PEFO_S","PEFO","S26",2021,121.224059055225,30.4234083536176,1.88152312596701,27.5536580723731,111.103222623191,37.710957275912,86.0696860168995,44.6368737500969
"PEFO_S","PEFO","S27",2021,126.061386796651,31.2157936576036,2.20686365199344,29.7317750562365,108.795113804818,36.765124952318,84.2534916146309,43.6200056722655
"PEFO_S","PEFO","S20",2021,122.438475727307,29.3842781629191,1.84001182056063,28.0713166647012,112.179135446617,38.4226413441636,86.9829272548576,45.6935663525152
"PEFO_S","PEFO","S22",2021,122.673079486427,31.089540653998,1.96081678024414,28.0794383388133,110.227592036084,37.3765131449449,85.5321226786373,44.27258711704
"PEFO_S","PEFO","S10",2021,141.843287196295,28.1158087562099,2.78919688370406,33.6916042219113,106.145173419335,37.6678433794563,83.4679104615206,45.2817383659948
"PEFO_S","PEFO","S07",2021,122.055605690149,29.8977156168364,1.85795891734646,27.9445924695762,111.387375408712,38.009314620943,86.4204619665455,45.1074735395006
"PEFO_S","PEFO","S05",2021,125.662394750756,31.4491797941572,2.18370596888901,29.3811531254829,109.075385177559,36.866321346377,84.5003559993743,43.7299734155426
"PEFO_S","PEFO","S04",2021,124.404910297872,31.2184990223734,3.20188870279725,33.1153433426568,107.641232217677,36.6140003389697,82.7934101654694,43.6903038707757
"PEFO_S","PEFO","S03",2021,122.102971023802,30.9045983227424,1.9361598486728,27.8123715060099,110.782600262982,37.5700598946575,85.8656939204553,44.4992244108018
"PEFO_S","PEFO","S02",2021,126.033199577018,31.3119764615672,2.19288168213894,29.5226859269833,108.912694622556,36.8062661276185,84.3930154318157,43.6485974613997
"PEFO_S","PEFO","S13",2021,126.01616004874,31.3416907739069,2.188968803817,29.4629397975119,108.939678612605,36.8158606716062,84.4279713886019,43.6547981482394
"PEFO_S","PEFO","S12",2021,125.713207956664,30.9807211898777,2.25038974095474,30.1631299666525,108.992410617969,36.8638405759039,84.280702811774,43.8223551465203
"PEFO_S","PEFO","S14",2021,123.844274028166,31.6274474743928,2.05328646480298,28.4873085892951,109.5735705908,37.1059083687243,85.0527570943236,43.980508220285
"PEFO_S","PEFO","S15",2021,123.77514994682,30.9607115318847,3.01538627192071,32.8486159570945,107.579670919791,36.5871496064245,82.6539557435576,43.5977031791183
"PEFO_S","PEFO","S16",2021,123.704304667184,30.9516662754465,3.02826555639587,32.8470158957213,107.542355440118,36.5838398074599,82.6092702804816,43.5866526118935
"PEFO_S","PEFO","S17",2021,123.90656556621,30.959495576851,2.83632971048776,32.4565668404888,107.971967840466,36.6545528185173,83.0125064068071,43.7294112539651
"PEFO_S","PEFO","S11",2021,124.454686344994,31.8786654542439,2.1183431442653,28.6430565831593,109.51556552508,37.0448110628615,84.9275369316734,43.9303098359343
"PEFO_S","PEFO","S08",2021,144.840957127425,26.5645065926807,2.5619399844816,34.513524420563,104.166713958873,37.3193428640325,82.7441147270197,45.2605701585277
"PEFO_S","PEFO","S09",2021,123.585617958557,31.4072841878597,2.0128777248406,28.4484451378588,109.572699034873,37.1350080268861,85.1137326740046,43.9986963659327
"PEFO_S","PEFO","S01",2021,125.335866588294,31.4895098900847,2.18694571007535,29.435037348509,109.198193327565,36.9116422177809,84.5211824300006,43.8116641521393
"PEFO_S","PEFO","S21",2021,144.954489481381,26.4359950692651,2.54018851944799,34.5093545819759,104.331142267685,37.3703862594321,82.8477078401317,45.3412897723702
"PEFO_S","PEFO","S19",2021,144.272560567187,27.6983414975291,2.78813128095929,34.5843178291999,103.507163244885,37.0664389068984,82.1935457527479,44.7639619655076
"PEFO_S","PEFO","S29",2021,143.179987680934,27.9425165137161,2.80408000881704,34.1935038780199,104.762784669464,37.3509943558978,82.7891950311012,45.0061348117742
"PEFO_S","PEFO","S24",2021,140.702266147386,28.2262513511187,2.75867645604792,33.3119126976665,107.124407604583,37.8788437696278,83.9493952718181,45.4711471640832
"PEFO_S","PEFO","S28",2021,123.560986999402,30.9286967705706,3.10750926180688,33.0157480503216,107.383335745345,36.5620616343759,82.4447974392622,43.5444920086389
"PEFO_S","PEFO","S30",2021,144.03947347675,27.3898499252048,2.69787363483157,34.4210404712345,103.348285065701,37.0392729282359,82.173716617429,44.7640980841204
"PEFO_S","PEFO","S23",2022,156.426472876312,13.4036752700601,17.2542108513554,48.7665816080476,104.939042832873,39.0184951030126,77.0020549190944,44.2695283381092
"PEFO_S","PEFO","S06",2022,151.504504484043,24.9588431709092,13.7524314185428,47.0560992838227,102.160893684741,40.0569032401511,76.1832893556462,44.6640288259462
"PEFO_S","PEFO","S18",2022,152.056702580082,23.1857918044967,14.1032161150297,46.4791306401336,103.971639875267,40.465040799417,77.0937917549806,45.0590782421955
"PEFO_S","PEFO","S25",2022,152.077781202974,13.6824907343252,16.3689486922751,46.4886306867362,109.730576336058,40.9477803626974,79.8734350171464,45.8987353389777
"PEFO_S","PEFO","S26",2022,158.188739552378,13.3479998648421,17.1109895371795,47.9801040454099,108.423488113242,39.9863355702063,78.8346483724845,45.0138186526581
"PEFO_S","PEFO","S27",2022,159.258939786224,13.3862901956807,17.2770010860524,48.8598251523379,105.564654038523,38.9562289543085,77.1146394667286,44.0570125528124
"PEFO_S","PEFO","S20",2022,151.354814825754,13.9832199100668,16.2334847703548,46.1901899651998,109.757932353656,41.0006813144736,79.871504984357,45.9005108730282
"PEFO_S","PEFO","S22",2022,159.21316009084,13.3430252321373,17.2397834370442,48.3667461897143,107.478934324409,39.5846103044658,78.2578607194805,44.6753684349068
"PEFO_S","PEFO","S10",2022,152.319144719191,22.5169713086942,14.2770576535502,46.3858555520878,104.481856353085,40.5818076632859,77.3564246556374,45.1822708982317
"PEFO_S","PEFO","S07",2022,154.42867521473,13.6214365269981,16.6393077949512,47.0389874212628,108.848918381127,40.4353145617493,79.2376877615591,45.3847022502489
"PEFO_S","PEFO","S05",2022,159.54063611373,13.3749908372205,17.2924612561871,48.819097880761,106.003407462878,39.0486849427341,77.3193244887467,44.1658728708652
"PEFO_S","PEFO","S04",2022,149.503712726746,13.9057541574626,18.1771146973905,51.4603113266453,103.168228092323,38.8486107000866,76.3095978743188,44.3042200862718
"PEFO_S","PEFO","S03",2022,158.767178128563,13.3391526787853,17.1906275160265,48.2041917894967,108.04622474444,39.8153260334675,78.6061826344224,44.8971132280366
"PEFO_S","PEFO","S02",2022,159.617898038428,13.3828489700418,17.2895142076035,48.8664184340847,105.805727179194,38.9880696467238,77.2120736730967,44.0809611358495
"PEFO_S","PEFO","S13",2022,159.719696053999,13.3818435932769,17.2936295163979,48.8692258984824,105.866617504978,38.9945190253651,77.235772428656,44.0860972594275
"PEFO_S","PEFO","S12",2022,157.874519190167,13.4000072877918,17.257275521437,48.8164910255837,105.473848205951,39.0940184611487,77.243922380448,44.2633930879163
"PEFO_S","PEFO","S14",2022,159.878992463941,13.3475292620939,17.315697414611,48.6374613199006,106.8060643492,39.2658426638594,77.7797658316421,44.4036863461261
"PEFO_S","PEFO","S15",2022,149.861051408782,13.8466098970588,17.9770404677124,50.8763751959291,103.085386607134,38.8179321964509,76.1750732310093,44.2653822351937
"PEFO_S","PEFO","S16",2022,149.727382798207,13.8681844589019,18.0096091775341,50.9520565732997,103.032379403253,38.81240257461,76.1393576950519,44.2707313343338
"PEFO_S","PEFO","S17",2022,151.05573144161,13.6972123965105,17.7054999697029,50.1113385661671,103.588512634958,38.8966882396905,76.4580723942905,44.3094045744402
"PEFO_S","PEFO","S11",2022,159.996863748479,13.3506381941618,17.329179676482,48.7238027890029,106.727199221979,39.2019310765905,77.6762109217726,44.3664991586325
"PEFO_S","PEFO","S08",2022,151.37895443474,28.374764419514,12.700395428917,47.7954286005472,102.84155829949,40.4381769174644,76.7036239814951,44.8208602094398
"PEFO_S","PEFO","S09",2022,159.780585225254,13.3478356092957,17.3037578149002,48.5891755049444,106.803465602202,39.2997207771059,77.8281052778919,44.4129957816364
"PEFO_S","PEFO","S01",2022,159.081258238219,13.3696180603423,17.2782092064282,48.7491660462506,106.049450235901,39.1085405959724,77.3775753246289,44.2543201146361
"PEFO_S","PEFO","S21",2022,151.657802210184,28.656181967076,12.6133902670073,47.9599461069723,102.991391475467,40.5018167197156,76.8032651960006,44.8620138965934
"PEFO_S","PEFO","S19",2022,151.394026948016,25.1998515819118,13.6807801077393,47.0675731249748,102.06474212463,40.0375602939222,76.1357858944711,44.6342292200081
"PEFO_S","PEFO","S29",2022,151.931916200163,23.7547566260007,14.0279992275163,46.7718310590489,103.190378947725,40.2875507232651,76.7025366297501,44.9010670308748
"PEFO_S","PEFO","S24",2022,152.452033743388,21.6542151796749,14.4538451670001,46.11215693054,105.380047198171,40.7790523898458,77.8103075701326,45.3823717934856
"PEFO_S","PEFO","S28",2022,149.061064201066,13.9407538707221,18.1286324226892,51.2719832250273,102.807058414026,38.7853935809844,76.015826290369,44.2714699369867
"PEFO_S","PEFO","S30",2022,150.843780038392,26.3090256148051,13.2951889248028,46.9226923552021,102.04660178531,40.0558422818058,76.1407040553419,44.5737876133405
